"DATA_RETRIEVAL_SEQ"	"DATA_CENTER_CODE"	"PARAMETER_NAME"	"PARAMETER_DESCRIPTION"	"UNIT_SEQ"	"PLACES_BEFORE"	"PLACES_AFTER"	"MINIMUM_VALUE"	"MAXIMUM_VALUE"	"ORIGINALLY_ENTERED_BY"
90000040	90	"Fe - filtered"	"Fe - filtered"	90000019	6	2	0	30000	"P. Strain"
90000041	90	"Mn - filtered"	"Mn - filtered"	90000019	5	2	0	5000	"P. Strain"
90000042	90	"Co - filtered"	"Co - filtered"	90000019	3	3	0	30	"P. Strain"
90000043	90	"Ni - filtered"	"Ni - filtered"	90000019	3	2	0	250	"P. Strain"
90000044	90	"Cu - filtered"	"Cu - filtered"	90000019	4	2	0	250	"P. Strain"
90000045	90	"Zn - filtered"	"Zn - filtered"	90000019	4	2	0	500	"P. Strain"
90000046	90	"Cd - filtered"	"Cd - filtered"	90000019	2	3	0	10	"P. Strain"
90000047	90	"Al - filtered"	"Al - filtered"	90000019	6	2	0	50000	"P. Strain"
90000048	90	"Sulfate"	"Sulfate"	90000010	3	2	0	50	"P. Strain"
90000049	90	"Acidified calcium"	"Acidified calcium"	90000021	3	2	0	20	"P. Strain"
90000050	90	"Helium E-08"	"Helium E-08"	90000003	3	2			"P. Strain"
90000095	90	"BOD - 5 day"	"Bacterial oxygen demand, 5 day"	90000020	4	1	0	9999	"P. Strain"
90000096	90	"PP_PM"	"PRIMARY PRODUCTION:  PRODUCTION MAXIMUM"	90000040	5	5			"M. KENNEDY"
90000097	90	"PP_PS"	"PRIMARY PRODUCTION PS"	90000040	5	5			"M. KENNEDY"
90000098	90	"PP_BETA"	"PRIMARY PRODUCTION BETA"	90000025	5	5			"M. KENNEDY"
90000099	90	"PP_RB"	"PRIMARY PRODUCTION RB"	90000040	5	5			"M. KENNEDY"
90000100	90	"PP_IK"	"PRIMARY PRODUCTION IK"	90000039	5	5			"M. KENNEDY"
90000101	90	"PP_IS"	"PRIMARY PRODUCTION IS"	90000039	5	5			"M. KENNEDY"
90000102	90	"PP_IB"	"PRIMARY PRODUCTION IB"	90000039	5	5			"M. KENNEDY"
90000103	90	"PP_IM"	"PRIMARY PRODUCTION IM"	90000039	5	5			"M. KENNEDY"
90000104	90	"PP_TS"	"PRIMARY PRODUCTION TS SAMPLE TEMPERATURE"	90000038	5	5			"M. KENNEDY"
90000105	90	"Oil in surf layer"	"Dissolved/dispersed oil in the surface microlayer"	90000019	4	3	0	2000	"BIOCHEM"
90000110	90	"Oil - tarballs"	"Particulate petroleum residues (tarballs)"	90000033	4	5	0	9999	"BIOCHEM"
90000113	20	"conductivity_CTD"	"conductivity from CTD in Siemens per meter"	90000037	2	3	0	10	"MARY"
90000114	20	"Rosette trip #"	"gives firing order of bottles on CTD rosette"	90000000	2	0	0	25	"MARY"
90000115	20	"CTD_ scan #"	"can link to scan number on UP trace of ODF file"	90000000	6	0	0	999999	"MARY"
90000116	20	"Rosette position #"	"position of bottle in rosette -- useful when looking for ""leakers"""	90000000	2	0	0	36	"MARY"
90000117	90	"PP_INC"	"Primary Production INC"	90000038	2	2	0	99	"BIOCHEM"
90000118	20	"PP_TI"	"PRIMARY PRODUCTION TS SAMPLE TEMPERATURE"	90000005	5	5			"MARY"
90000120	20	"Carbonate alkalinity"	"Carbonate alkalinity"	90000021	4	3	0	9999	"BCMESD"
90000121	90	"secchi_depth"	"secchi"	90000023	3	2	0.01	999.99	"MARY"
90000122	20	"Pb - unfiltered"	"Lead - unfiltered"	90000019	2	3	0	0.5	"R. Benjamin"
90000140	20	"PrimProd_InSitu_Hr"	"Primary production determined using 14C uptake and rate calculated per hour"	90000041	3	3	0	100	"BCPIERRE"
90000124	20	"delete"	"delete - entered type twice"	90000022	4	3	0	4000	"MARY"
90000125	20	"Leucine Incorp."	"Leucine Incorporation"	90000042	4	3	0.001	999.999	"MARY"
90000126	20	"Bacterial Prod."	"Bacterial Production BODC - BPRD"	90000041	2	4	0.0001	99.9999	"MARY"
90000127	90	"Diss. Organic Carbon"	"Dissolved Organic Carbon = CORG DX from MEDS Parm List"	90000020	5	2	0	1000	"BCPIERRE"
90000000	20	"Not Applicable"	"Used when not a reteivable parameter"	90000000	0	0	0	2459	"BCPIERRE"
90000132	20	"Fluorescence in Volt"	"In situ Fluorecsence by fluorometer in volts"	90000048	3	4	0	30	"BCPIERRE"
90000133	20	"Light Tansmittance"	"Percent light transmission measured by Transmisometer or other device"	90000001	3	2	0	100	"BCPIERRE"
90000135	20	"Chlorophyll B"	"Chlorophyll B"	90000019	3	4	0	10	"BCPIERRE"
90000136	20	"Chlorophyll C"	"Chlorophyll C"	90000019	3	4	0	15	"BCPIERRE"
90000137	30	"Density"	"Density"	90000044	3	3	-0.2	40	"DEVINEL"
90000138	20	"Calorimetry"	"Calories measured using a Bomb Calorimeter?"	90000053	6	3	0	999999.999	"BCPIERRE"
90000139	30	"Dry Weight Biomass"	"Dry weight biomass"	90000019	6	4	0	999999.9999	"ISABELLE"
90000143	20	"ATP"	"Biomass estimator using ATP activity"	90000019	2	6	0	8	"DEVINEL"
90000148	90	"Nucleic acid - RNA"	"Ribonucleic acid (RNA); biochemical indicator of microplankton biomass"	90000019	3	1	0	26	"KennedyM"
90000149	90	"Protein"	"Protein; biochemical indicator of microplankton biomass"	90000019	3	1	0	700	"KennedyM"
90000150	90	"Nucleic acid - DNA"	"Deoxyribonucleic acid (DNA); biochemical indicator of microplankton biomass"	90000019	3	1	0	25	"KennedyM"
90000151	90	"NO3Uptake_SIS_hr"	"Nitrogen (nitrate) uptake rate measurements from SIS experiments (units = per hour)"	90000056	4	2	0	2000	"KennedyM"
90000152	90	"NO3Uptake_SIS_day"	"Nitrogen (nitrate) uptake rate measurements from SIS experiments (units = per day)"	90000055	4	2	0	2000	"KennedyM"
90000153	90	"NH3Uptake_SIS_hr"	"Nitrogen (Ammonia) uptake rate measurements ifrom SIS experiments (units = per hour)"	90000056	4	2	0	2000	"KennedyM"
90000154	90	"NH3Uptake_SIS_day"	"Nitrogen (Ammonia) uptake rate measurements from SIS experiments (units = per day)"	90000055	4	2	0	2000	"KennedyM"
90000155	90	"UreaUptake_SIS_hr"	"not to be used yet Mary to update this week"	90000056	4	2	0	2000	"KennedyM"
90000156	90	"UreaUptake_SIS_day"	"not to be used yet Mary to update this week"	90000055	4	2	0	2000	"KennedyM"
90000159	30	"PrimProd_SIS_Hr"	"Primary production determined using 14C uptake, simulated insitu incubation, rate calculated per hr"	90000041	3	3	0	100	"DEVINEL"
90000160	90	"HPLC_ACAROT"	"alpha-carotene"	90000019	2	3	0	64	"KennedyM"
90000161	90	"HPLC_ALLOX"	"alloxanthin"	90000019	2	3	0	64	"KennedyM"
90000162	90	"HPLC_ASTAX"	"astaxanthin"	90000019	2	3	0	64	"KennedyM"
90000163	90	"HPLC_BCAROT"	"beta-carotene"	90000019	2	3	0	64	"KennedyM"
90000164	90	"HPLC_BUT19"	"19-butanoyl-oxy-fucoxanthin"	90000019	2	3	0	64	"KennedyM"
90000165	90	"HPLC_BUTLIKE"	"hplc pigment similar to but19"	90000019	2	3	0	64	"KennedyM"
90000166	90	"HPLC_CHLA"	"hplc chlorophyll a (includes chlorophyllide a+)"	90000019	2	3	0	64	"KennedyM"
90000167	90	"HPLC_CHLB"	"chlorophyll-b (includes dv-chlb if any present)"	90000019	2	3	0	64	"KennedyM"
90000168	90	"HPLC_CHLC12"	"chlorophyll - c1+c2"	90000019	2	3	0	64	"KennedyM"
90000169	90	"HPLC_CHLIDEA"	"chlorophyllide-a"	90000019	2	3	0	64	"KennedyM"
90000170	90	"HPLC_DIADINOX"	"diadinoxanthin"	90000019	2	3	0	64	"KennedyM"
90000171	90	"HPLC_DIATOX"	"diatoxanthin"	90000019	2	3	0	64	"KennedyM"
90000172	90	"HPLC_FUCOX"	"fucoxanthin"	90000019	2	3	0	64	"KennedyM"
90000173	90	"HPLC_HEX19"	"19-hexanoyl-oxy-fucoxanthin"	90000019	2	3	0	64	"KennedyM"
90000174	90	"HPLC_HEXLIKE"	"hplc pigment similar to hex19 (elutes ~0.1 minute after 19hex)"	90000019	2	3	0	64	"KennedyM"
90000175	90	"HPLC_PERID"	"peridinin"	90000019	2	3	0	64	"KennedyM"
90000176	90	"HPLC_PHAEO"	"total hplc phaeopigment concentration (includes all phaeophorbides and phaeophytins)"	90000019	2	3	0	64	"KennedyM"
90000177	90	"HPLC_PYROPHAE"	"pytophaeophorbide a"	90000019	2	3	0	64	"KennedyM"
90000178	90	"HPLC_VIOLAX"	"violaxanthin"	90000019	2	3	0	64	"KennedyM"
90000179	90	"HPLC_ZEA"	"zeaxanthin"	90000019	2	3	0	64	"KennedyM"
90000180	90	"HPLC_PRASINOX"	"prasinoxanthin"	90000019	2	3	0	64	"KennedyM"
90000181	90	"HPLC_HEXLIKE2"	"hplc pigment similar to hex19 (elutes ~0.2 minute after 19hex)"	90000019	2	3	0	64	"KennedyM"
90000182	90	"HPLC_CHLC3"	"chlorophyll - c3"	90000019	2	3	0	64	"KennedyM"
90000183	90	"Incubation_hrs"	"length of production incubation/experiment in time (hours)"	90000038	2	2	0	99	"MARY"
90000184	20	"O2_PG_Insitu_hr"	"Phytosynthetic rate measurement made by changes in dissolved O2 - Gross oxygen production; insitu"	90000057	2	3	-99	999	"MARY"
90000185	20	"O2_PN_Insitu_hr"	"Phytosynthetic rate measurement made by changes in dissolved O2 - Net oxygen production; insitu incu"	90000057	2	3	-99	999	"MARY"
90000186	20	"O2_PR_Insitu_hr"	"Phytosynthetic rate measurement made by changes in dissolved O2 - Oxygen respiration; insitu incubat"	90000057	2	3	-99	999	"MARY"
90000187	20	"IncT_06H_N15"	"length of 6hr H_N15 incubation in time (hours)"	90000038	2	2	0	99	"MARY"
90000188	20	"IncT_24H_N15"	"length of 24hr H_N15 incubation in time (hours)"	90000038	2	2	0	99	"MARY"
90000189	20	"PrimProd_SIS_Hr_C13"	"Primary production from simulated in situ experiments using C13 (Carbon per area per hour)"	90000041	3	3	0	2000	"MARY"
90000190	20	"IncT_insitu"	"Length of insitu incubation in time hours)"	90000038	2	2	0	72	"MARY"
90000191	20	"PrimProd_SIS_Hr_24hr"	"Primary production determined using 14C uptake, 24hr SIS incubation, rate calculated per hr"	90000041	3	3	0	100	"MARY"
90000192	20	"IncT_24H_SISC14"	"Incubation time for 24hr SIS incubation using C14"	90000038	2	2	0	72	"MARY"
90000193	20	"Size-LengthRangeMin"	"size measurement, length range minimum"	90000028	5	3	0	10000	"MARY"
90000194	20	"IceAlgaeAreal_Chl"	"Ice algae areal chlorophyll"	90000033	4	1	0	9999	"MARY"
90000195	20	"IceAlgaeAreal_Phaeo"	"Ice algae areal phaeo"	90000033	4	1	0	9999	"MARY"
90000196	20	"SnowDepthRange"	"depth range of snow (ice algae studies)"	90000059	4	1	0	9999	"MARY"
90000197	20	"IceAlgaeAreal_ATP"	"ice algae areal ATP"	90000033	2	4	0	9.9999	"MARY"
90000198	20	"pH_invitro_temp"	"reference lab temperature"	90000005	3	3	-2	35	"MARY"
90000199	20	"Ba - unfiltered_01"	"Barium / Unfiltered_01"	90000019	3	2			"MARY"
90000200	20	"POP"	"particulate organic phosphate"	90000019	4	2	0	1500	"MARY"
90000201	20	"Diss. Organic Phosph"	"dissolved organic Phosphorus"	90000020	5	2	0	1000	"MARY"
90000202	20	"extinction Coef"	"extinction Coefficient (K)"	90000066	3	3	0	100	"MARY"
90000203	20	"IncTemp_06H_N15"	"temperature of incubation for 6hr H_N15 incubation in degrees Celcuis"	90000005	3	2	-2	35	"MARY"
90000204	20	"DryWeight_TotalSamp"	"dry weight of the total sample"	90000019	5	3	0	99999	"MARY"
90000205	20	"DryWeight_Carbon"	"carbon content of dry weight"	90000019	5	3	0	99999	"MARY"
90000206	20	"DryWeight_AshFree"	"ash free dry weight value"	90000019	5	2	0	9999	"MARY"
90000207	20	"DryWeight_calories"	"caloric content of dry weight"	90000068	5	1	0	99999	"MARY"
90000208	20	"PrimProd_SIS_Day_C14"	"primary Production frim simulated insitu using C14"	90000007	3	3	0	2000	"MARY"
90000209	20	"delete"	"error"	90000055	4	4	0	2000	"MARY"
90000210	20	"Sedimentating_POC"	"Sedimentating_POC"	90000069	5	5	0	2000	"MARY"
90000211	20	"Sedimentating_PON"	"Sedimentating PON"	90000069	5	5	0	2000	"MARY"
90000212	20	"Sedimentating_Chl"	"Sedimentating_Chl"	90000069	5	5	0	2000	"MARY"
90000217	20	"Mo-particulate"	"Molybdenum - particulate"	90000027	2	2	-1	50	"BCPIERRE"
90000218	20	"B-particulate"	"Boron - particulate"	90000027	10	10	-1	1000	"BCPIERRE"
90000219	20	"Ca-particulate"	"Calcium - particulate"	90000027	3	2	-1	400	"BCPIERRE"
90000220	20	"Mn-particulate"	"Manganese - particulate"	90000027	5	0	-1	50000	"BCPIERRE"
90000221	20	"Be-particulate"	"Beryllium - particulate"	90000018	2	1	-1	20	"BCPIERRE"
90000222	20	"Ni-particulate"	"Nickel - particulate"	90000018	3	1	-1	1500	"BCPIERRE"
90000223	20	"Bi-particulate"	"Bismuth - particulate"	90000018	1	2	-1	100	"BCPIERRE"
90000224	20	"Na-particulate"	"Sodium - particulate"	90000027	2	1	-1	300	"BCPIERRE"
90000225	20	"Fe-particulate"	"Iron - particulate"	90000027	3	0	-1	500	"BCPIERRE"
90000226	20	"Co-particulate"	"Cobalt -  particulate"	90000018	2	1	-1	90	"BCPIERRE"
90000227	20	"Cu-particulate"	"Copper - particulate"	90000018	3	1	-1	500	"BCPIERRE"
90000228	20	"Cr-particulate"	"Chromium - particulate"	90000018	3	1	-1	2500	"BCPIERRE"
90000229	20	"La-particulate"	"Lanthanum - particulate"	90000018	2	1	-1	90	"BCPIERRE"
90000230	20	"Mg-particulate"	"Magnesium - particulate"	90000027	2	1	-1	50	"BCPIERRE"
90000231	20	"Li-particulate"	"Lithium - particulate"	90000018	3	1	-1	100	"BCPIERRE"
90000232	20	"K-particulate"	"Potassium - particulate"	90000027	2	1	-1	50	"BCPIERRE"
90000233	20	"Cd-particulate"	"Cadmium - particulate"	90000018	2	2	-1	50	"BCPIERRE"
90000234	20	"Te-particulate"	"Tellurium - particulate"	90000018	10	10	-1	1000	"BCPIERRE"
90000235	20	"Ag-particulate"	"Silver particulate"	90000027	2	2	-1	20	"BCPIERRE"
90000236	20	"Zn-particulate"	"Zinc - particulate"	90000018	4	1	-1	2000	"BCPIERRE"
90000237	20	"As-particulate"	"Arsenic - particulate"	90000018	5	1	-1	50000	"BCPIERRE"
90000238	20	"Ti-particulate"	"Titanium - particulate"	90000018	4	0	-1	9000	"BCPIERRE"
90000239	20	"V-particulate"	"Vanadium - particulate"	90000018	3	0	-1	500	"BCPIERRE"
90000240	20	"Tl-particulate"	"Thallium - particulate"	90000018	1	2	-1	9	"BCPIERRE"
90000241	20	"U-particulate"	"Uranium - particulate"	90000018	2	1	-1	20	"BCPIERRE"
90000242	20	"Al-particulate"	"Aluminium - particulate"	90000027	3	1	-1	200	"BCPIERRE"
90000243	20	"Sr-particulate"	"Strontium - particulate"	90000018	3	0	-1	1500	"BCPIERRE"
90000244	20	"Rb-particulate"	"Rubidium - particulate"	90000018	3	1	-1	200	"BCPIERRE"
90000245	20	"P-particulate"	"Phosphorus - particulate"	90000027	4	0	-1	9000	"BCPIERRE"
90000246	20	"Ba-particulate"	"Barium - particulate"	90000018	4	0	-1	2500	"BCPIERRE"
90000247	20	"Pb-particulate"	"Lead - particulate"	90000018	3	1	-1	500	"BCPIERRE"
90000248	20	"Se-particulate"	"Selenium - particulate"	90000018	10	10	-1	1000	"BCPIERRE"
90000249	20	"S-particulate"	"Sulphur - particulate"	90000027	10	10	-1	1000	"BCPIERRE"
90000250	20	"Sn-particulate"	"Tin - particulate"	90000018	3	1	-1	250	"BCPIERRE"
90000251	20	"Sb-particulate"	"Antimony - particulate"	90000018	2	2	-1	50	"BCPIERRE"
90000252	20	"Al"	"Aluminium - filtered"	90000019	4	2	-1	5000	"BCPIERRE"
90000253	20	"Cr"	"Chromium - filtered not preserved"	90000019	2	1	-1	20	"BCPIERRE"
90000254	20	"Cd"	"Cadmium - filtered not preserved"	90000019	1	3	-1	5	"BCPIERRE"
90000255	20	"As"	"Arsenic - filtered"	90000019	3	2	-1	500	"BCPIERRE"
90000256	20	"Be"	"Beryllium - filtered not preserved"	90000019	1	2	-1	2	"BCPIERRE"
90000257	20	"Ca"	"Calcium - filtered not preserved"	90000008	3	2	-1	100	"BCPIERRE"
90000258	20	"B"	"Boron - filtered not preserved"	90000019	10	10	-1	1000	"BCPIERRE"
90000259	20	"Pb"	"Lead - filtered or unfiltered"	90000019	1	3	-1	20	"BCPIERRE"
90000260	20	"Se"	"Selenium - filtered or unfiltered"	90000019	10	10	-1	1000	"BCPIERRE"
90000261	20	"U"	"Uranium -  filtered or unfiltered"	90000019	1	2	-1	2	"BCPIERRE"
90000262	20	"Zn"	"Zinc - filtered or unfiltered"	90000019	3	1	-1	500	"BCPIERRE"
90000263	20	"Rb"	"Rubidium - filtered or unfiltered"	90000019	3	2	-1	500	"BCPIERRE"
90000264	20	"V"	"Vanadium - filtered or unfiltered"	90000019	1	2	-1	9	"BCPIERRE"
90000265	20	"Sb"	"Antimony - filtered or unfiltered"	90000019	2	2	-1	20	"BCPIERRE"
90000266	20	"Tl"	"Thallium - filtered or unfiltered"	90000019	1	2	-1	1	"BCPIERRE"
90000267	20	"Ti"	"Titanium - filtered or unfiltered"	90000019	2	1	-1	90	"BCPIERRE"
90000268	20	"Te"	"Tellurium - filtered or unfiltered"	90000019	10	10	-1	1000	"BCPIERRE"
90000269	20	"Sr"	"Strontium - filtered or unfiltered"	90000019	4	1	-1	2000	"BCPIERRE"
90000270	20	"Sn"	"Tin - filtered or unfiltered"	90000019	1	1	-1	5	"BCPIERRE"
90000271	20	"Mo"	"Molybdenum - filtered or unfiltered"	90000019	2	2	-1	20	"BCPIERRE"
90000272	20	"Ni"	"Nickel - filtered or unfiltered"	90000019	2	3	-1	50	"BCPIERRE"
90000273	20	"K"	"Potassium - particulate"	90000019	4	0	-1	2000	"BCPIERRE"
90000274	20	"Cu"	"Copper - filtered not preserved"	90000019	2	2	-1	90	"BCPIERRE"
90000275	20	"Ag"	"Silver - filtered not preserved"	90000019	2	2	-1	10	"BCPIERRE"
90000276	20	"Na"	"Sodium - filtered or unfiltered"	90000008	4	2	-1	1000	"BCPIERRE"
90000277	20	"Mn"	"Manganese - filtered or unfiltered"	90000019	4	1	-1	5000	"BCPIERRE"
90000278	20	"Fe"	"Iron - Filtered or unfiltered"	90000019	4	2	-1	5000	"BCPIERRE"
90000279	20	"Mg"	"Magnesium - filtered or unfiltered"	90000019	4	0	-1	5000	"BCPIERRE"
90000280	20	"Li"	"Lithium - filtered or unfiltered"	90000019	4	1	-1	5000	"BCPIERRE"
90000281	20	"La"	"Lanthanum - filtered or unfiltered"	90000019	10	10	-1	1000	"BCPIERRE"
90000282	20	"Ba"	"Barium - filtered not preserved"	90000019	3	2	-1	100	"BCPIERRE"
90000283	20	"Methyl-Hg"	"Mercury, methyl"	90000069	10	10	-1	1000	"BCPIERRE"
90000284	20	"P"	"Phosphorus - filtered not preserved"	90000019	3	2	-1	100	"BCPIERRE"
90000285	20	"Ru-particulate"	"Ruthenium -particulate"	90000018	3	2	-1	150	"BCPIERRE"
90000286	20	"S"	"Sulphur - filtered or unfiltered"	90000018	3	2	0	100	"BCPIERRE"
90000287	20	"Co"	"Cobalt - filtered not preserved"	90000019	3	3	-1	30	"BCPIERRE"
90000292	20	"DON"	"Dissolved Organic Nitrogen"	90000020	5	4	0	100	"BCPIERRE"
90000294	20	"CHL-SENSOR insitu"	"aa"	90000019	3	6	0	200	"MARY"
90000295	20	"Clutch size"	"The clutch size is the number of eggs produced by an individual (eg. copepod)"	90000000	3	0	0	200	"MARY"
90000299	20	"DryWeight"	"Dry weight of an individual"	90000072	4	2	0	9999.99	"MARY"
90000297	20	"C content"	"Carbon content per individual"	90000072	4	2	0	9999.99	"MARY"
90000298	20	"N content"	"Nitrogen content per individual"	90000072	4	2	0	9999.99	"MARY"
90000300	20	"Egg Production Rates"	"Egg production rate measurement as determined from experiments"	90000073	3	0	0	999	"MARY"
90000301	20	"Female_Maturity"	"Percentage of females identified as mature"	90000001	3	0	0	100	"MARY"
90000302	20	"Females_Spawning"	"Measurement of the number of females that spawned"	90000000	3	0	0	100	"MARY"
90000303	20	"Sample Size NumIndiv"	"Sample size (number of individuals in the experiment)"	90000000	3	0	0	100	"MARY"
90000213	20	"Sedimentating_Phaeo"	"Sedimentating_Phaeo"	90000069	5	5	0	2000	"MARY"
90000214	20	"Sedimentating_C"	"Sedimentating_Carbon"	90000069	5	5	0	2000	"MARY"
90000215	20	"Sedimentating_N"	"Sedimentating_Nitrogen"	90000069	5	5	0	2000	"MARY"
90000216	20	"Sedimentating_IncT"	"Sedimentating_Incubation_Time"	90000038	3	1	0	100	"MARY"
90000306	20	"Al-Sediment "	"Aluminium - Sediment "	90000018	2	2	0	20000	"BCPIERRE"
90000308	20	"Ag-Sediment"	"Silver- Sediment"	90000018	2	2	0	50	"BCPIERRE"
90000310	20	"As-Sediment"	"Arsenic- Sediment"	90000018	2	2	0	50	"BCPIERRE"
90000312	20	"Au-Sediment"	"Gold - Sediment"	90000018	2	2	0	50	"BCPIERRE"
90000314	20	"Ba-Sediment"	"Barium - Sediment"	90000018	2	2	0	50	"BCPIERRE"
90000316	20	"Be-Sediment"	"Beryllium - Sediment"	90000018	2	2	0	50	"BCPIERRE"
90000318	20	"Bi-Sediment"	"Bismuth - Sediment"	90000018	2	2	0	50	"BCPIERRE"
90000320	20	"Ca-Sediment"	"Calcium - Sediment"	90000018	2	2	0	5000	"BCPIERRE"
90000322	20	"Cd-Sediment"	"Cadmium - Sediment"	90000018	2	2	0	50	"BCPIERRE"
90000324	20	"Ce-Sediment"	"Cesium - Sediment"	90000018	2	2	0	50	"BCPIERRE"
90000326	20	"Co-Sediment"	"Cobalt - Sediment"	90000018	2	2	0	50	"BCPIERRE"
90000328	20	"Cr-Sediment"	"Chromium - Sediment"	90000018	2	2	0	50	"BCPIERRE"
90000330	20	"Cu-Sediment"	"Copper - Sediment"	90000018	2	2	0	50	"BCPIERRE"
90000332	20	"Fe-Sediment"	"Iron - Sediment"	90000018	2	2	0	10000	"BCPIERRE"
90000334	20	"Hf-Sediment"	"Hafnium - Sediment"	90000018	2	2	0	50	"BCPIERRE"
90000336	20	"Hg-Sediment"	"Mercury - Sediment"	90000018	2	2	0	50	"BCPIERRE"
90000338	20	"K-Sediment"	"Potassium - Sediment"	90000018	2	2	0	50	"BCPIERRE"
90000340	20	"La-Sediment"	"Lanthium - Sediment"	90000018	2	2	0	50	"BCPIERRE"
90000342	20	"Li-Sediment"	"Lithium - Sediment"	90000018	2	2	0	50	"BCPIERRE"
90000344	20	"Mg-Sediment"	"Magnesium - Sediment"	90000018	2	2	0	2000	"BCPIERRE"
90000346	20	"Mn-Sediment"	"Manganese - Sediment"	90000018	2	2	0	100	"BCPIERRE"
90000348	20	"Mo-Sediment"	"Molybdenum - Sediment"	90000018	2	2	0	50	"BCPIERRE"
90000350	20	"Na-Sediment"	"Sodium - Sediment"	90000018	2	2	0	10000	"BCPIERRE"
90000352	20	"Nb-Sediment"	"Niobium - Sediment"	90000018	2	2	0	50	"BCPIERRE"
90000354	20	"Ni-Sediment"	"Nickel - Sediment"	90000018	2	2	0	50	"BCPIERRE"
90000356	20	"P-Sediment"	"Phosphorus - sediment"	90000018	2	2	0	20000	"BCPIERRE"
90000358	20	"Pb-Sediment"	"Lead - Sediment"	90000018	2	2	0	50	"BCPIERRE"
90000360	20	"Rb-Sediment"	"Rubidium - Sediment"	90000018	2	2	0	50	"BCPIERRE"
90000362	20	"S-Sediment"	"Sulphur - Sediment"	90000018	2	2	0	1000	"BCPIERRE"
90000364	20	"Sb-Sediment"	"Antimony - Sediment"	90000018	2	2	0	50	"BCPIERRE"
90000366	20	"Sc-Sediment"	"Scandium - Sediment"	90000018	2	2	0	50	"BCPIERRE"
90000368	20	"Se-Sediment"	"Selenium - Sediment"	90000018	2	2	0	50	"BCPIERRE"
90000370	20	"Sn-Sediment"	"Tin - Sediment"	90000018	2	2	0	50	"BCPIERRE"
90000372	20	"Sr-Sediment"	"Strontium - Sediment"	90000018	2	2	0	50	"BCPIERRE"
90000374	20	"Ta-Sediment"	"Tantalum - Sediment"	90000018	2	2	0	50	"BCPIERRE"
90000376	20	"Th-Sediment"	"Thorium - Sediment"	90000018	2	2	0	50	"BCPIERRE"
90000378	20	"Ti-Sediment"	"Titanium - Sediment"	90000018	2	2	0	50	"BCPIERRE"
90000380	20	"U-Sediment"	"Uranium - Sediment"	90000018	2	2	0	50	"BCPIERRE"
90000382	20	"V-Sediment"	"Vanadium - Sediment"	90000018	2	2	0	50	"BCPIERRE"
90000384	20	"W-Sediment"	"Tungsten - Sediment"	90000018	2	2	0	50	"BCPIERRE"
90000386	20	"Y-Sediment"	"Yttrium - Sediment"	90000018	2	2	0	50	"BCPIERRE"
90000388	20	"Zn-Sediment"	"Zinc - Sediment"	90000018	2	2	0	50	"BCPIERRE"
90000390	20	"Zr-Sediment"	"Zircomium - Sediment"	90000018	2	2	0	50	"BCPIERRE"
90000477	20	"O2 mL/L"	"Dissolved oxygen"	90000009	2	4	0	13	"BONDS"
90000478	20	"CO2 (pH)"	"Partial pressure of CO2 for pH (ocean acidification)"	90000076	4	1	1	8000	"BUGDENJ"
90000479	20	"SF6"	"Sulfur Hexafluoride trace gas measurement in seawater"	90000077	2	3	0.00001	5	"Test user"
90000480	20	"TURB_T"	"Turbidity - Beam Transmission"	90000001	3	3	0.00001	100	"Test user"
90000481	20	"TURB_A"	"Turbidity - Beam Attenuation - Min/Max values taken from WetLabs ECO BB specifications sheet."	90000066	6	3	-0.004	5	"Test user"
90000482	20	"TURB_B"	"Turbidity - Backscattering"	90000079	2	4	0.00001	5	"Test user"
90000288	20	"Sulphide"	"Sulphide"	90000020	4	4	0	1000	"MARY"
90000293	20	"CDOM"	"Coloured Dissolved Organic Matter / CTD"	90000019	4	2	0	1500	"MARY"
90000289	20	"HPLC_%DVa"	"Percent DVa"	90000001	3	3	0	100	"MARY"
90000290	20	"HPLC_%DVb"	"Percent DVb"	90000001	3	3	0	100	"MARY"
90000291	20	"PAR_4pi_Index"	"PAR in units of voltages"	90000048	2	2	-5	5	"MARY"
90000304	30	"Chlorophyll A+B+C"	"Chlorophyll A + B + C"	90000019	3	6	0	250	"LAFLEURC"
90000051	90	"He3"	"Delta He3"	90000001	3	2			"P. Strain"
90000052	90	"He3 error"	"Delta He3 Error"	90000001	3	2			"P. Strain"
90000053	90	"Tritium"	"H-3, tritium (unfiltered)"	90000002	4	2	0	20	"P. Strain"
90000054	90	"Tritium error"	"Tritium error"	90000002	2	2	0	5	"P. Strain"
90000055	90	"Sediment oil"	"Oil in sediments"	90000018	3	2	0	50	"P. Strain"
90000056	90	"Ethane"	"Ethane"	90000015	3	2	0	30	"P. Strain"
90000057	90	"Propane"	"Propane"	90000015	3	2	0	30	"P. Strain"
90000058	90	"Butane"	"Butane"	90000015	3	2	0	20	"P. Strain"
90000059	90	"Cesium-137 error"	"Cesium-137 error (unfiltered)"	90000006	2	3	0	2.5	"P. Strain"
90000060	90	"V - filtered"	"V - filtered"	90000019	3	2			"P. Strain"
90000061	90	"Cr - filtered"	"Cr - filtered"	90000019	3	2			"P. Strain"
90000062	90	"Ba - filtered"	"Ba - filtered"	90000019	3	2			"P. Strain"
90000063	90	"Freon 11"	"Freon 11 (CFC 11; CFCl3)"	90000014	2	3	-0.5	20	"P. Strain"
90000064	90	"Freon 12"	"Freon 12 (CFC 12; CF2Cl2)"	90000014	2	3	-0.5	20	"P. Strain"
90000065	90	"Tritium 81"	"Tritium, referenced to 1981"	90000002	4	2	0	30	"P. Strain"
90000066	90	"Hg - total"	"Hg concentration after sample oxidation"	90000013	3	2	0	50	"P. Strain"
90000067	90	"Hg - reactive"	"Hg concentration before sample oxidation"	90000013	3	2	0	20	"P. Strain"
90000068	90	"Cr - unfiltered"	"Cr - unfiltered"	90000019	3	2			"P. Strain"
90000069	90	"AOU"	"Apparent oxygen utilization (AOU)"	90000021	4	2	-200	500	"P. Strain"
90000070	90	"NO_Broecker"	"Broecker's parameter NO = O2 + 9.83 * NO3"	90000021	4	2	0	600	"P. Strain"
90000071	90	"Total phosphorus"	"Total phosphorus concentration (organic + inorganic)"	90000020	2	3	0	30	"P. Strain"
90000072	90	"Urea"	"Urea"	90000020	2	2	0	10	"P. Strain"
90000073	90	"Chloride"	"Chloride"	90000020	4	3	0	1000	"P. Strain"
90000074	90	"Freon 113"	"Freon 113 (CFC 113; 1,1,2-trichlorotrifluoroethane)"	90000014	2	3	-0.5	25	"P. Strain"
90000075	90	"CCl4"	"Carbon tetrachloride (CCl4)"	90000014	4	2	-0.5	100	"P. Strain"
90000076	90	"Methyl chloroform"	"Methyl chloroform (CH3CCl3)"	90000014	4	3	-0.5	200	"P. Strain"
90000077	90	"CO2 (total)"	"Total inorganic carbon (TIC), Total CO2 (TCO2)"	90000021	4	1	0	3000	"P. Strain"
90000078	90	"Hydrogen sulfide"	"Hydrogen sulfide"	90000020	3	3	0	500	"P. Strain"
90000079	90	"Phosphate: part."	"Particulate phosphate"	90000020	3	3	0	30	"P. Strain"
90000080	90	"Total nitrogen"	"Total nitrogen"	90000020	3	2	0	100	"P. Strain"
90000081	90	"Pb - filtered"	"Pb - filtered"	90000019	2	3	0	0.5	"P. Strain"
90000082	90	"PrimProd_InSitu_Day"	"Primary production, in situ"	90000007	3	3	0	500	"P. Strain"
90000083	90	"Incident radiation"	"Incident radiation"	90000022	4	1	0	5000	"P. Strain"
90000084	90	"PAR"	"Photosynthetically active radiation (400-700 nm)"	90000022	4	3	0	5000	"P. Strain"
90000085	90	"Photic depth"	"Photic depth (1 % of surface light level)"	90000023	3	0	0	500	"P. Strain"
90000086	90	"Leucine production"	"Bacterial leucine production"	90000024	5	2			"P. Strain"
90000087	90	"Thymidine production"	"Bacterial thymidine production"	90000024	5	2			"P. Strain"
90000088	90	"PP_TYPE_OF_FIT"	"Type of fit (number of parameters)"	90000000	1	0	3	4	"P. Strain"
90000089	90	"Production max"	"Primary production maximum"	90000025	4	2			"P. Strain"
90000090	90	"% Sfc light"	"Percentage surface light"	90000001	3	4	0	100	"P. Strain"
90000001	90	"Pressure"	"Pressure"	90000004	5	2	0	12000	"P. Strain"
90000091	90	"BUG_MEAS - length"	"length measurement"	90000028	4	3			"Mary Kennedy"
90000092	90	"BUG_MEAS - width"	"width measurement of a bug"	90000028	4	3			"Mary Kennedy"
90000093	90	"BUG_MEAS - diameter"	"diameter measurement"	90000028	4	3			"Mary Kennedy"
90000094	90	"PP_ALPHA"	"Primary Production Parameter ALPHA"	90000025	5	5			"Mary Kennedy"
90000002	90	"Salinity"	"Salinity"	90000000	3	3	0	400	"P. Strain"
90000003	90	"Temperature"	"Temperature"	90000005	3	3	-3	35	"P. Strain"
90000004	90	"O2"	"Dissolved oxygen"	90000020	4	3	0	560	"P. Strain"
90000005	90	"Oil in water"	"Total dissolved / dispersed oil"	90000019	6	2	0	3000	"P. Strain"
90000006	90	"Alkalinity"	"Total alkalinity"	90000021	4	3	0	10000	"P. Strain"
90000007	90	"Carbonate"	"Carbonate ion concentration"	90000021	4	3	0	9999	"P. Strain"
90000008	90	"pH"	"pH"	90000000	2	3	2	9	"P. Strain"
90000009	90	"pKa"	"pK for the first dissociation constant of H2CO3"	90000000	1	4	5	7	"P. Strain"
90000010	90	"Calcium"	"Calcium"	90000010	3	3	0	15	"P. Strain"
90000011	90	"Magnesium"	"Magnesium"	90000010	3	2	0	35	"P. Strain"
90000012	90	"Silicate"	"Dissolved reactive silicate"	90000020	4	2	0	260	"P. Strain"
90000013	90	"Phosphate"	"Dissolved inorganic phosphate"	90000020	4	3	0	50	"P. Strain"
90000014	90	"Nitrate"	"Nitrate + nitrite"	90000020	4	2	-1	75	"P. Strain"
90000015	90	"POC"	"Particulate organic carbon (POC)"	90000019	5	2	0	11000	"P. Strain"
90000016	90	"POH"	"Particulate organic hydrogen (POH)"	90000019	4	2	0	500	"P. Strain"
90000017	90	"PON"	"Particulate organic nitrogen (PON)"	90000019	4	2	0	1500	"P. Strain"
90000018	90	"TOC"	"Total organic carbon (dissolved + particulate, TOC)"	90000020	4	2	0	999	"P. Strain"
90000019	90	"C13 - Total CO2"	"C-13/C-12 ratio in TCO2, v PDB (PeeDee Belemnite)"	90000012	4	2	-20	5	"P. Strain"
90000020	90	"O18 - Total CO2"	"O-18/O-16 ratio in TCO2, v PDB (PeeDee Belemnite)"	90000012	4	2	-30	10	"P. Strain"
90000021	90	"C13 - Sed. Org. C"	"C-13/C-12 in organic carbon, surface sediments, v PDB (PeeDee Belemnite)"	90000012	4	2	-35	-5	"P. Strain"
90000022	90	"SPM"	"Suspended particulate matter (SPM)"	90000008	3	3	0	500	"P. Strain"
90000023	90	"Cesium-137 - total"	"Cesium-137 - unfiltered"	90000006	3	2	0	300	"P. Strain"
90000024	90	"C13 - POC"	"C-13/C-12 ratio in particulate organic carbon, v PDB (PeeDee Belemnite)"	90000012	3	2	-60	-10	"P. Strain"
90000025	90	"Strontium-90 - total"	"Strontium-90 - unfiltered"	90000006	3	2			"P. Strain"
90000026	90	"Methane"	"Methane"	90000011	4	3	0	500	"P. Strain"
90000027	90	"Nitrite"	"Nitrite"	90000020	2	3	0	25	"P. Strain"
90000028	90	"Ammonia"	"Ammonia"	90000020	4	2	0	500	"P. Strain"
90000029	90	"Chlorophyll A"	"Chlorophyll a"	90000019	3	6	0	200	"P. Strain"
90000030	90	"Phaeophytin"	"Phaeophytin"	90000019	3	2	0	50	"P. Strain"
90000031	90	"O18 - Water"	"O-18/O-16 in water, v SMOW (Standard Mean Ocean Water)"	90000012	3	2	-60	5	"P. Strain"
90000032	90	"Fe - unfiltered"	"Fe - unfiltered"	90000019	6	2	0	100000	"P. Strain"
90000033	90	"Mn - unfiltered"	"Mn - unfiltered"	90000019	5	2	0	5000	"P. Strain"
90000034	90	"Co - unfiltered"	"Co - unfiltered"	90000019	3	3	0	50	"P. Strain"
90000035	90	"Ni - unfiltered"	"Ni - unfiltered"	90000019	3	2	0	200	"P. Strain"
90000036	90	"Cu - unfiltered"	"Cu - unfiltered"	90000019	4	2	0	1000	"P. Strain"
90000037	90	"Zn - unfiltered"	"Zn - unfiltered"	90000019	4	2	0	1000	"P. Strain"
90000038	90	"Cd - unfiltered"	"Cd - unfiltered"	90000019	2	3	0	50	"P. Strain"
90000039	90	"Al - unfiltered"	"Al - unfiltered"	90000019	6	2	0	200000	"P. Strain"
